{
  "minU": -38.5,
  "maxU": 94.7,
  "minV": -61.6,
  "maxV": 69,
  "discipline": 0,
  "disciplineName": "Meteorological products",
  "gribEdition": 2,
  "gribLength": 89774,
  "center": 7,
  "centerName": "US National Weather Service - NCEP(WMC)",
  "subcenter": 0,
  "refTime": "2024-10-30T00:00:00.000Z",
  "significanceOfRT": 1,
  "significanceOfRTName": "Start of forecast",
  "productStatus": 0,
  "productStatusName": "Operational products",
  "productType": 1,
  "productTypeName": "Forecast products",
  "productDefinitionTemplate": 0,
  "productDefinitionTemplateName": "Analysis/forecast at horizontal level/layer at a point in time",
  "parameterCategory": 2,
  "parameterCategoryName": "Momentum",
  "parameterNumber": 2,
  "parameterNumberName": "U-component_of_wind",
  "parameterUnit": "m.s-1",
  "genProcessType": 2,
  "genProcessTypeName": "Forecast",
  "forecastTime": 0,
  "surface1Type": 6,
  "surface1TypeName": "Maximum wind level",
  "surface1Value": 0,
  "surface2Type": 255,
  "surface2TypeName": "Missing",
  "surface2Value": 0,
  "gridDefinitionTemplate": 0,
  "gridDefinitionTemplateName": "Latitude_Longitude",
  "numberPoints": 65160,
  "shape": 6,
  "shapeName": "Earth spherical with radius of 6,371,229.0 m",
  "gridUnits": "degrees",
  "resolution": 48,
  "winds": "true",
  "scanMode": 64,
  "nx": 360,
  "ny": 181,
  "basicAngle": 0,
  "subDivisions": 0,
  "lo1": 0,
  "la1": -90,
  "lo2": 359,
  "la2": 90,
  "dx": 1,
  "dy": 1
}
